<?xml version="1.0" encoding="utf-8"?>
<extension version="3.7" type="plugin" group="editors-xtd" method="upgrade">
	<name>plg_editors-xtd_agadvents</name>
	<author>Astrid Günther</author>
	<creationDate>2020-10-11</creationDate>
	<copyright>(C) 2020 Astrid Günther. All rights reserved.</copyright>
	<license>GNU General Public License version 2 or later; see LICENSE.txt</license>
	<authorEmail>info@astrid-guenther.de</authorEmail>
	<authorUrl>www.astrid-guenther.de</authorUrl>
	<version>2.0.5</version>
	<description>PLG_EDITORS-XTD_AGADVENTS_XML_DESCRIPTION</description>
	<files>
		<file plugin="agadvents">agadvents.php</file>
<file>agadvents.xml</file>
	</files>
	<languages folder="administrator/language">
		<language tag="de-DE">de-DE/de-DE.plg_editors-xtd_agadvents.sys.ini</language>
<language tag="de-DE">de-DE/de-DE.plg_editors-xtd_agadvents.ini</language>
<language tag="en-GB">en-GB/en-GB.plg_editors-xtd_agadvents.ini</language>
<language tag="en-GB">en-GB/en-GB.plg_editors-xtd_agadvents.sys.ini</language>
	</languages>
</extension>
