<?xml version="1.0" encoding="utf-8"?>
<extension type="module" version="3.7" client="site" method="upgrade">
	<name>mod_agadvents</name>
	<author>Astrid Günther</author>
	<creationDate>2019-09-25</creationDate>
	<copyright>(C) 2019 Astrid Günther. All rights reserved.</copyright>
	<license>GNU General Public License version 2 or later; see LICENSE.txt</license>
	<authorEmail>info@astrid-guenther.de</authorEmail>
	<authorUrl>www.astrid-guenther.de</authorUrl>
	<version>2.0.2</version>
	<description>MOD_AGADVENTS_XML_DESCRIPTION</description>
	<files>
		<file module="mod_agadvents">mod_agadvents.php</file>
		<file module="mod_agadvents">mod_agadvents.php</file>
<file>mod_agadvents.xml</file>
<folder>tmpl</folder>
<file>helper.php</file>
	</files>
	<languages folder="language">
		<language tag="de-DE">de-DE/de-DE.mod_agadvents.sys.ini</language>
<language tag="de-DE">de-DE/de-DE.mod_agadvents.ini</language>
<language tag="en-GB">en-GB/en-GB.mod_agadvents.sys.ini</language>
<language tag="en-GB">en-GB/en-GB.mod_agadvents.ini</language>
	</languages>
	<config>
		<fields name="params">
			<fieldset name="basic">
				<field
					name="catid"
					type="category"
					extension="com_agadvents"
					required="true"
					label="JCATEGORY"
					description="MOD_AGADVENTS_FIELD_CATEGORY_DESC"
				/>
				<field type="spacer" name="agadventmoduletest" hr="true" />
				<field
					name="test"
					type="radio"
					class="btn-group btn-group-yesno"
					default="0"
					label="COM_AGADVENTS_TEST_LABEL"
					description="COM_AGADVENTS_TEST_DESC"
				>
					<option value="1">JYES</option>
					<option value="0">JNO</option>
				</field>
				<field type="spacer" name="agadventmoduledisplay" hr="true" />
				<field
					name="display"
					type="list"
					default="image"
					label="MOD_AGADVENTS_FIELD_DISPLAY_LABEL"
					description="MOD_AGADVENTS_FIELD_DISPLAY_DESC"
				>
					<option value="image">MOD_AGADVENTS_FIELD_IMAGE</option>
					<option value="list">MOD_AGADVENTS_FIELD_LIST</option>
					<option value="image_and_list">MOD_AGADVENTS_FIELD_IMAGE_AND_LIST</option>
				</field>
				<field
					name="jqueryversion"
					type="radio"
					class="btn-group btn-group-yesno"
					default="advanced"
					label="COM_AGADVENTS_JQUERYVERSION_LABEL"
					description="COM_AGADVENTS_JQUERYVERSION_DESC"
					showon="display!:list"
				>
					<option value="advanced">advanced</option>
					<option value="simple">simple</option>
				</field>
				<field
					name="clickableareas"
					type="list"
					default="fix"
					label="COM_AGADVENTS_CLICKABLE_AREAS_LABEL"
					description="COM_AGADVENTS_CLICKABLE_AREAS_DESC"
					showon="display!:list[AND]jqueryversion:advanced"
				>
					<option value="donot">COM_AGADVENTS_DO_NOT_HIGHLIGHT_CLICKABLE_AREAS</option>
					<option value="hover">COM_AGADVENTS_HIGHLIGHT_CLICKABLE_AREAS_ON_HOVER</option>
					<option value="fix">COM_AGADVENTS_DRAW_CLICKABLE_AREAS</option>
				</field>
				<field type="spacer" name="agadventmoduleshownotaktiv" hr="true" />
				<field
					name="shownotaktiv"
					type="radio"
					class="btn-group btn-group-yesno"
					default="0"
					label="COM_AGADVENTS_SHOWNOTAKTIV_LABEL"
					description="COM_AGADVENTS_SHOWNOTAKTIV_DESC"
					showon="display:image[OR]display:image_and_list"
				>
					<option value="1">JYES</option>
					<option value="0">JNO</option>
				</field>
				<field type="spacer" name="agadventmodulepopup" hr="true" />
				<field
					name="popup"
					type="radio"
					class="btn-group btn-group-yesno"
					default="0"
					label="COM_AGADVENTS_POPUP_LABEL"
					description="COM_AGADVENTS_POPUP_DESC"
					showon="display:image[OR]display:image_and_list"
				>
					<option value="1">JYES</option>
					<option value="0">JNO</option>
				</field>
				<field type="spacer" name="agadventmodulecategory" hr="true" />
				<field
					name="groupby_columns"
					type="list"
					default="3"
					label="MOD_AGADVENTS_FIELD_COLUMNS_LABEL"
					description="MOD_AGADVENTS_FIELD_COLUMNS_DESC"
					showon="display:list[OR]display:image_and_list"
				>
					<option value="1">J1</option>
					<option value="2">J2</option>
					<option value="3">J3</option>
					<option value="4">J4</option>
					<option value="6">J6</option>
				</field>

				<field
					name="count"
					type="text"
					default="24"
					label="MOD_AGADVENTS_FIELD_COUNT_LABEL"
					description="MOD_AGADVENTS_FIELD_COUNT_DESC"
					showon="display:list[OR]display:image_and_list"
				/>

				<field
					name="ordering"
					type="list"
					default="number"
					label="MOD_AGADVENTS_FIELD_ORDERING_LABEL"
					description="MOD_AGADVENTS_FIELD_ORDERING_DESC"
					showon="display:list[OR]display:image_and_list"
				>
					<option value="title">JGLOBAL_TITLE</option>
					<option value="order">MOD_AGADVENTS_FIELD_VALUE_ORDER</option>
					<option value="number">MOD_AGADVENTS_FIELD_VALUE_NUMBER</option>
					<option value="hits">MOD_AGADVENTS_FIELD_VALUE_HITS</option>
				</field>

				<field
					name="direction"
					type="list"
					default="asc"
					label="MOD_AGADVENTS_FIELD_ORDERDIRECTION_LABEL"
					description="MOD_AGADVENTS_FIELD_ORDERDIRECTION_DESC"
					showon="display:list[OR]display:image_and_list"
				>
					<option value="asc">MOD_AGADVENTS_FIELD_VALUE_ASCENDING</option>
					<option value="desc">MOD_AGADVENTS_FIELD_VALUE_DESCENDING</option>
				</field>

				<field
					name="follow"
					type="list"
					default="0"
					label="MOD_AGADVENTS_FIELD_FOLLOW_LABEL"
					description="MOD_AGADVENTS_FIELD_FOLLOW_DESC"
				>
					<option value="follow">MOD_AGADVENTS_FIELD_VALUE_FOLLOW</option>
					<option value="nofollow">MOD_AGADVENTS_FIELD_VALUE_NOFOLLOW</option>
				</field>

				<field
					name="description"
					type="radio"
					class="btn-group btn-group-yesno"
					default="0"
					label="MOD_AGADVENTS_FIELD_DESCRIPTION_LABEL"
					description="MOD_AGADVENTS_FIELD_DESCRIPTION_DESC"
					showon="display:list[OR]display:image_and_list"
				>
					<option value="1">JSHOW</option>
					<option value="0">JHIDE</option>
				</field>

				<field
					name="hits"
					type="radio"
					class="btn-group btn-group-yesno"
					default="0"
					label="MOD_AGADVENTS_FIELD_HITS_LABEL"
					description="MOD_AGADVENTS_FIELD_HITS_DESC"
					showon="display:list[OR]display:image_and_list"
				>
					<option value="1">JSHOW</option>
					<option value="0">JHIDE</option>
				</field>

				<field
					name="count_clicks"
					type="list"
					class="chzn-color"
					default="0"
					label="MOD_AGADVENTS_FIELD_COUNTCLICKS_LABEL"
					description="MOD_AGADVENTS_FIELD_COUNTCLICKS_DESC"
				>
					<option value="">JGLOBAL_USE_GLOBAL</option>
					<option value="0">JNO</option>
					<option value="1">JYES</option>
				</field>
			</fieldset>
			<fieldset name="advanced">
				<field
					name="layout"
					type="modulelayout"
					label="JFIELD_ALT_LAYOUT_LABEL"
					description="JFIELD_ALT_MODULE_LAYOUT_DESC"
				/>

				<field
					name="moduleclass_sfx"
					type="textarea"
					rows="3"
					label="COM_MODULES_FIELD_MODULECLASS_SFX_LABEL"
					description="COM_MODULES_FIELD_MODULECLASS_SFX_DESC"
				/>

				<field
					name="cache"
					type="list"
					default="1"
					label="COM_MODULES_FIELD_CACHING_LABEL"
					description="COM_MODULES_FIELD_CACHING_DESC"
				>
					<option value="1">JGLOBAL_USE_GLOBAL</option>
					<option value="0">COM_MODULES_FIELD_VALUE_NOCACHING</option>
				</field>

				<field
					name="cache_time"
					type="text"
					default="900"
					label="COM_MODULES_FIELD_CACHE_TIME_LABEL"
					description="COM_MODULES_FIELD_CACHE_TIME_DESC"
				/>

				<field
					name="cachemode"
					type="hidden"
					default="static"
				/>
			</fieldset>
		</fields>
	</config>
</extension>
