<?xml version="1.0" encoding="utf-8"?>
<extension version="3.7" type="plugin" group="installer" method="upgrade">
	<name>plg_installer_agadventsinstaller</name>
	<author>Astrid Günther</author>
	<creationDate>2018-12-09</creationDate>
	<copyright>(C) 2018 Astrid Günther. All rights reserved.</copyright>
	<license>GNU General Public License version 2 or later; see LICENSE.txt</license>
	<authorEmail>info@astrid-guenther.de</authorEmail>
	<authorUrl>www.astrid-guenther.de</authorUrl>
	<version>1.0.76</version>
	<description>PLG_INSTALLER_AGADVENTS_XML_DESCRIPTION</description>
	<files>
		<file>agadventsinstaller.xml</file>
<file plugin="agadventsinstaller">agadventsinstaller.php</file>
	</files>
	<languages folder="administrator/language">
		<language tag="de-DE">de-DE/de-DE.plg_installer_agadventsinstaller.sys.ini</language>
<language tag="de-DE">de-DE/de-DE.plg_installer_agadventsinstaller.ini</language>
<language tag="en-GB">en-GB/en-GB.plg_installer_agadventsinstaller.sys.ini</language>
<language tag="en-GB">en-GB/en-GB.plg_installer_agadventsinstaller.ini</language>
	</languages>
</extension>
